Sophie11,123sophie11,sophie11,marbaniang11,Denver,London
Sophie12,123sophie12,sophie12,marbaniang12,London,South Korea
Sophie13,123sophie13,sophie13,marbaniang13,South Korea,Mumbai
Sophie14,123sophie14,sophie14,marbaniang14,Mumbai,Delhi
Sophie15,123sophie15,sophie15,marbaniang15,Delhi,Norway
Sophie16,123sophie16,sophie16,marbaniang16,Norway,Australia
Sophie17,123sophie17,sophie17,marbaniang17,Australia,Netherlands
Sophie18,123sophie18,sophie18,marbaniang18,Netherlands,Switzerland
Sophie19,123sophie19,sophie19,marbaniang19,Switzerland,Bangalore
Sophie20,123sophie20,sophie20,marbaniang20,Bangalore,London
